1.2516,-6.6182,7.0459
2.3424,-6.4621,6.2731
1.9606,-6.149,5.5118
6.4906,6.3549,-3.1028
6.2256,4.0578,-3.3615
9.4732,6.9251,9.6397
9.9136,3.3346,8.4479
1.7855,-6.4949,7.2714
2.489,-6.4356,7.5629
3.0324,-7.0365,4.7688
1.4151,-5.1674,4.4399
7.3322,6.9757,-2.6108
1.9735,-5.8828,5.7915
10.2941,5.0291,9.3278
2.5204,-6.3011,5.989
6.8077,5.5432,-2.3423
3.5255,-6.2172,6.6149
6.042,6.6265,-6.3306
3.9132,4.9494,-2.4609
1.4077,-5.3659,4.0327
8.2145,3.4366,9.1411
7.1274,5.5479,-4.1551
3.3013,-7.2587,7.2476
6.2759,6.0184,-2.9232
0.4573,-6.3595,6.5931
6.6599,5.6889,-2.7566
6.9831,5.0169,-4.9063
8.4733,6.4314,9.7024
10.1732,6.0488,9.4703
8.0304,6.151,9.2227
2.0509,-7.0586,5.7436
1.6881,-8.4059,6.8283
10.955,6.296,8.6371
6.6146,4.6904,-1.998
7.2125,4.6072,-4.36
8.1807,5.8638,-2.4365
6.8396,5.144,-3.6749
3.2858,-5.8129,6.1326
2.4185,-5.5863,6.2327
0.9314,-6.1564,6.4226
6.4705,4.7971,-1.9521
7.5412,6.4392,-2.7522
6.4609,5.907,-3.6099
9.4098,3.2814,8.8897
1.9809,-5.4387,5.8073
2.221,-4.4006,7.737
5.9047,5.2727,-2.0303
10.1088,5.0055,10.0607
7.3893,6.4272,-3.1471
8.021,6.8327,7.4897
3.2021,-6.3066,5.4661
7.0115,6.0002,-4.9545
7.0316,4.5297,-3.618
7.3707,5.9799,-2.3927
10.9537,7.0628,8.7775
1.4733,-6.8524,5.4651
7.4572,4.7579,-4.1121
6.6401,5.207,-1.3523
2.2106,-7.1423,5.8913
7.0739,5.8652,-3.6835
9.9845,5.177,8.4922
10.0061,5.9464,8.0508
6.1356,5.3755,-3.4679
1.3429,-6.8436,3.8342
3.2472,-8.471,5.925
8.8681,6.0035,9.9825
2.262,-6.2414,7.6004
8.6901,5.0017,-3.7884
6.7424,6.0391,-2.9587
9.9284,3.8579,9.7922
0.6618,-7.8057,7.1705
10.808,3.9841,10.8844
5.8176,6.6126,-4.168
2.6706,-4.7478,5.1425
1.5282,-7.3213,5.385
10.3881,5.582,9.1306
9.2806,5.8758,9.2163
5.0289,4.716,-2.8602
7.6886,4.8403,-3.9035
9.255,5.1267,10.1926
2.6185,-5.7806,6.7666
9.8642,5.6676,8.5872
2.4323,-6.0717,4.4841
0.8597,-6.0702,6.5281
2.0939,-6.2734,5.3609
1.162,-7.3019,6.464
9.5583,4.8138,10.9877
5.6568,4.7829,-1.7527
6.9327,5.1172,-2.871
10.0025,4.6769,7.2925
5.9326,5.1118,-2.3133
3.3677,-7.3692,7.2308
8.766,5.3434,9.3799
10.2358,5.4696,9.0402
2.1066,-5.69,5.3644
2.2503,-6.7668,5.1537
2.4945,-6.1894,4.3467
9.5767,7.0018,9.9885
3.8404,-6.5016,7.3264
2.7138,-6.2933,5.9613
9.4241,6.6411,8.8606
1.9627,-6.4251,6.6369
2.8345,-7.3616,4.3185
7.4473,5.3178,-4.6164
1.7717,-5.2899,6.3802
8.6295,4.4956,10.0302
9.0279,5.2298,8.529
2.6388,-6.3991,6.7789
2.1975,-7.2512,5.4014
1.0602,-6.0875,6.1653
3.2208,-6.0631,6.3876
9.0764,6.0294,10.8036
9.7453,5.3674,7.6006
2.6571,-6.0381,7.2231
12.4543,5.7128,8.7309
3.3566,-4.7424,6.7829
8.0476,5.1355,9.2989
6.6621,4.7023,-2.8786
8.802,3.8865,7.9921
10.775,4.6856,10.0827
8.5529,5.7567,8.5114
4.6537,5.4039,-2.0524
0.1323,-7.254,6.0457
8.3754,5.6503,9.302
9.0316,5.4504,7.973
1.7931,-6.4866,6.7283
6.7299,6.3071,-4.8732
7.7686,6.731,-3.5154
9.569,7.1323,9.9073
1.8528,-5.6558,6.1779
7.7139,6.7527,-3.4928
7.987,6.6073,7.8234
2.7333,-5.932,6.922
1.4043,-5.4797,3.3062
10.757,4.726,7.4419
2.7707,-6.8708,5.9788
10.4903,5.2596,9.8411
6.7916,4.5638,-3.8772
0.8223,-4.952,5.7506
0.3852,-7.3839,6.7401
10.5879,6.0576,9.734
0.7783,-6.6153,6.3538
3.8372,-5.3097,4.6709
7.2837,4.6373,-4.4482
2.5939,-5.7922,5.587
7.6081,6.3618,-2.6386
7.7624,4.889,-5.1348
0.7787,-6.0059,7.3742
8.6043,6.846,-3.3315
8.3265,5.403,9.584
9.3134,6.7456,7.6534
2.8835,-6.7495,5.4054
6.7294,5.9051,-5.1451
2.4422,-7.5141,4.9615
9.1586,4.4258,-2.7041
9.5358,5.2933,7.5345
1.8465,-6.6479,5.7136
8.0374,3.8781,8.8552
2.5,-6.519,5.5463
8.8998,6.1789,-4.7945
1.9964,-5.3516,3.7739
6.9418,3.8697,-4.9541
2.9587,-7.1406,5.0016
2.3717,-7.8832,5.2859
3.6631,-5.841,6.7946
8.3997,6.0615,-3.8489
6.7204,4.7119,-3.1355
9.4902,4.7823,10.3824
8.3669,5.9956,7.8573
9.0515,6.1549,-4.5183
7.8744,5.8645,-3.3655
1.1107,-7.432,7.6528
9.8767,6.5572,10.0425
7.5581,5.7123,-1.6207
9.9165,4.8241,8.0027
5.6941,6.2397,-2.8635
8.1147,6.0011,8.6595
9.9453,5.9534,7.3059
8.5659,4.404,10.9564
1.3837,-6.2564,4.6713
2.9593,-7.7057,6.1106
7.359,4.704,-2.3286
2.0924,-7.1418,6.0976
6.8921,4.8117,-4.442
1.4191,-4.8207,5.5709
3.7066,-6.4083,6.071
8.0664,7.4265,-2.6004
7.0601,5.3965,-3.3567
7.5029,5.847,-3.5587
8.0668,7.2304,8.5699
9.9924,6.2472,8.5947
2.9388,-6.7436,5.1096
0.3429,-6.2637,4.5981
9.1111,7.1459,10.2172
10.1674,2.7986,8.9025
9.5903,4.6646,8.6701
2.5204,-7.2468,5.6898
8.5384,5.0071,11.2845
6.5315,6.6569,-5.0776
8.3696,5.1208,8.9113
6.0533,3.7335,-1.3061
2.656,-7.3632,5.5695
4.9398,4.0626,-4.0954
10.4538,4.3349,8.7406
3.1446,-4.4599,8.1332
3.3143,-6.6934,4.6886
7.8162,5.0985,-2.5362
7.8839,6.0769,-4.9034
8.1883,5.1295,10.3742
8.6208,6.7545,-1.9467
3.0625,-6.0331,6.1439
3.075,-4.6922,5.7616
9.1322,3.6181,7.4593
2.7241,-6.6691,6.7903
11.5556,4.1889,7.548
7.7746,5.0839,9.6106
3.4169,-6.617,6.3185
1.5285,-5.1306,5.3151
1.6305,-6.0339,6.2397
7.0534,5.5423,-3.4303
10.603,7.154,8.5562
7.3844,3.1727,9.6632
1.7108,-4.7561,6.4678
9.8985,4.7393,8.8366
8.7299,4.826,7.046
8.8056,4.6089,9.2391
9.3247,4.3652,10.3506
9.5181,5.2502,10.1419
5.2886,5.7101,-3.6266
6.4443,6.1613,-1.7293
8.7446,5.6703,7.7264
3.6434,-5.2555,5.5304
1.8055,-8.9564,5.6035
1.1525,-6.9216,5.6255
6.9796,4.6126,-3.9311
6.7104,6.5725,-2.7816
6.8079,5.9768,-2.7847
2.6272,-6.7424,5.6129
1.419,-5.8569,5.24
8.3792,5.3376,7.5018
7.7651,5.1044,-4.8889
7.4303,6.5868,8.1944
1.914,-6.1986,5.2787
2.3439,-6.6793,6.6171
7.9414,6.988,-2.7692
3.417,-5.8083,4.5302
3.3186,-4.8901,6.0511
5.4137,4.0995,-4.5894
5.6223,5.2803,-2.2773
7.9929,6.0128,10.833
8.4092,6.5445,-3.6995
10.6631,7.1889,9.2611
3.7228,-8.6429,7.7099
6.5335,5.8738,-3.9304
2.0285,-7.0172,5.3061
4.229,-8.4544,7.051
9.55,4.4574,9.0841
2.0956,-6.3869,6.2286
2.0426,-6.6434,6.0491
9.2107,4.0765,7.7567
8.8873,4.0127,10.1635
2.783,-5.5737,5.9788
8.6479,4.4472,8.3037
7.697,5.494,9.3356
1.7195,-7.1914,7.2487
5.7156,5.0359,-3.8434
10.2488,5.2394,9.6831
4.8966,6.2453,-2.3356
1.4651,-7.0575,5.5881
1.0217,-6.2853,6.9424
10.441,5.614,9.8989
1.5358,-6.9136,6.122
7.2591,5.7793,9.8293
8.8627,5.5091,10.3291
7.3303,5.6976,-3.2115
2.0482,-7.7505,5.1806
8.9049,3.8091,8.0967
8.6083,5.5649,-4.2416
7.4196,3.653,-2.9394
8.5184,6.74,-3.6802
1.8343,-5.2517,6.2497
2.418,-7.8043,6.9915
5.5551,5.5382,-2.0336
9.4656,3.918,9.0392
1.6614,-7.2457,6.7917
6.9927,5.3115,-4.5707
8.4215,4.7086,8.8654
9.9992,5.1827,8.4827
7.7883,6.236,-5.386
2.7638,-7.2141,7.2743
2.0277,-7.1975,5.4507
9.626,3.5239,10.9731
1.2626,-6.2351,7.4898
2.9957,-6.611,7.2818
9.557,5.7774,-2.7851
7.6268,5.3135,8.7753
4.042,-7.4662,4.4711
6.4691,5.5515,-2.8266
0.9452,-7.1009,5.231
10.0252,5.5892,8.5908
6.8557,5.7142,-2.6617
2.9791,-7.0387,5.9391
4.7102,4.6249,-4.2564
2.8928,-4.5233,4.2061
2.4903,-7.4596,6.857
7.9501,5.2625,-4.567
9.0468,6.3233,7.956
1.6567,-5.515,6.3558
8.4736,5.6934,8.4462
6.8217,5.8818,10.2127
2.0307,-7.6227,6.5678
3.6429,-7.5177,6.167
2.1016,-7.0624,5.6514
4.3406,-5.1927,6.6468
10.3649,5.1606,8.7468
3.4214,-6.5415,4.8619
6.3462,5.8544,-3.251
4.7656,-5.9093,7.2375
1.3252,-4.9299,6.3366
1.8273,-7.2255,6.6728
7.0967,4.1939,-2.2623
1.2302,-5.418,6.8985
9.0369,3.8541,8.1911
4.642,-7.5573,3.6207
8.2876,5.2893,-4.6286
8.3005,5.1298,8.5186
8.2958,6.6882,7.846
7.4401,6.099,-4.6429
3.3577,-7.6277,5.2249
8.0928,6.1,8.5894
9.5497,4.8457,11.0176
4.3381,-6.375,5.5057
2.5237,-6.2794,5.9796
1.9366,-6.6735,5.883
5.9238,5.3075,-3.2793
7.6573,5.4829,-3.5551
8.8576,5.878,9.3118
6.7846,6.4438,-3.6636
6.3822,3.2609,-2.9664
3.2121,-7.4499,7.1387
6.0084,5.3764,-4.6557
6.501,4.3852,-4.0817
8.1752,6.5309,-2.7551
9.3823,6.8284,8.4473
7.2777,5.9056,-3.8431
3.0342,-6.0562,4.3137
0.9932,-6.2256,6.4335
3.3956,-4.5451,6.876
6.5352,6.111,-4.6424
8.6551,3.6335,8.8813
7.8925,3.7466,9.6011
6.5112,6.9577,-4.1093
7.128,6.4228,-5.0245
6.1004,5.0293,-3.9391
6.0398,5.5083,-4.1856
9.0017,5.8585,9.1255
8.2711,4.1747,8.9334
2.3432,-7.6363,7.865
8.5788,7.5299,-4.5845
2.5291,-6.0493,6.7995
8.7813,3.8487,9.1386
3.7699,-5.3486,6.3629
6.7162,7.1909,-4.057
6.1397,5.9046,-2.1907
2.9779,-6.8601,5.5335
1.9393,-7.3814,6.2892
6.2907,7.7788,-2.7328
2.0172,-6.4002,7.7783
8.4401,6.055,7.9254
1.2938,-5.9258,5.3428
1.7424,-5.2552,5.9428
3.1081,-7.3509,4.8998
8.41,6.1741,-4.92
9.4939,5.1586,10.6321
10.6617,5.5415,11.0926
7.8207,5.8343,-3.1454
5.7027,6.5131,-3.0166
2.808,-3.677,5.8607
10.9371,5.0061,10.5073
0.9868,-6.6352,5.5656
2.7405,-6.4013,5.4084
1.4089,-7.1735,6.1408
2.8796,-7.0537,6.791
10.3158,5.3302,8.6108
9.7116,4.1488,7.8014
9.7897,4.5997,8.3608
3.4373,-7.0413,5.4147
9.1643,5.2988,7.8825
2.2994,-6.8373,5.0868
2.0464,-6.3033,6.1756
2.0995,-6.3225,6.6873
7.9012,5.3476,-0.7372
2.8771,-4.3073,5.9278
1.9013,-5.1636,6.7932
8.0692,6.9937,-3.7522
8.2358,5.1663,-1.5397
2.7595,-8.4374,6.78
6.3347,4.5056,-4.9443
7.4012,6.0542,-4.5675
9.666,5.1507,-3.1833
7.1832,4.8239,-3.3564
9.9653,6.2312,10.0629
8.8977,5.8574,7.6173
8.9839,5.5464,-4.723
3.5983,-7.2248,5.5137
7.0797,6.5637,-4.9169
11.5874,4.9528,9.596
1.4696,-6.643,4.243
8.0671,4.5014,-4.2124
7.5632,6.354,-4.3198
6.4112,6.0764,-3.3321
8.8075,6.1828,10.0999
7.5592,7.1063,-3.7801
6.2298,4.6165,-2.8758
0.8324,-7.6822,4.5299
8.5306,4.602,8.7323
1.1897,-6.2359,5.6001
9.5975,6.9771,9.3236
3.4921,-7.0019,6.2869
7.6349,5.0002,-5.4551
5.7526,5.1645,-2.5495
8.768,4.9301,10.4024
3.1388,-5.8797,4.8414
10.27,5.92,7.4415
7.8991,5.4173,7.237
8.4104,7.0322,-2.9502
8.0347,5.5842,-3.4494
9.5926,2.2083,9.7396
11.1225,3.675,9.5754
8.8929,7.4301,8.4991
5.5533,6.4259,-5.0027
2.3475,-4.8737,6.3965
10.234,5.3912,8.7133
7.2846,6.9275,-5.8037
8.0396,5.4779,-2.5998
7.8425,4.7796,-2.9509
8.0139,7.036,-2.1906
2.8959,-7.439,2.6927
1.4381,-6.2856,6.0096
4.2868,-6.5919,4.5332
9.1488,5.5494,8.9859
2.1504,-6.4694,4.8659
7.8519,6.2862,-3.7274
7.9682,4.1839,9.0421
10.4803,5.7673,10.3852
6.0589,6.2788,-2.3596
7.3906,6.6716,-4.7092
6.7764,5.5483,-3.3699
2.1692,-6.3738,6.6136
10.3972,6.2289,8.6052
3.9254,-3.6515,4.598
6.866,2.9545,6.6413
6.2525,4.3783,-4.9711
2.4157,-7.6501,5.8458
3.1575,-8.1256,6.9451
8.0079,5.2477,-4.6157
8.3439,3.8328,8.6885
1.6197,-7.7145,5.7031
6.8485,5.2842,-2.9441
11.4569,5.3845,9.3941
10.4341,4.6222,7.7472
8.7824,5.1108,9.7285
1.8169,-6.7794,4.9037
1.6542,-6.7142,5.6023
9.2536,3.7995,8.403
9.5943,6.3777,8.6263
9.92,4.2281,9.8364
7.6861,4.6118,-3.7237
3.9018,-4.1015,6.6892
7.5185,5.0698,7.8644
7.7694,5.656,-4.8606
0.9353,-8.5671,4.5751
1.5548,-6.4471,5.0119
9.1165,4.0363,8.2184
7.7837,4.3479,-3.3915
6.6691,7.6011,-3.8132
10.6835,4.0367,11.0855
6.6014,5.5836,-4.1761
6.5335,6.4924,-4.8077
11.2129,6.3099,7.4361
7.4707,5.4126,-5.1066
10.2896,4.6337,9.3216
3.2113,-6.5835,4.8126
8.2422,5.7829,9.1829
5.9811,5.8145,-2.3807
7.4846,5.2782,-2.2245
8.9539,6.656,10.2251
10.0445,6.5025,8.5175
2.8793,-6.2627,6.6509
0.6492,-8.1322,3.3785
8.0413,6.1522,-2.6024
8.8806,6.4698,9.8251
8.1484,5.5383,-3.5309
5.4822,4.278,-2.6553
1.6631,-7.7426,7.1013
6.7072,7.25,-5.2099
1.7856,-6.2013,4.465
4.9473,7.2868,-3.7322
3.2009,-4.2363,5.0387
9.6375,4.8103,7.8825
8.2552,6.1128,-2.6471
5.2834,5.4443,-3.9408
1.5297,-6.8358,5.2169
7.3117,5.7298,8.9629
8.458,5.2819,10.6589
5.6857,4.2033,-3.4076
9.8178,6.3543,9.2963
2.2952,-6.2065,6.3477
6.1126,6.943,-5.0361
10.072,4.8237,8.4497
7.1602,5.9681,-5.4383
6.4575,5.4985,-4.0014
8.0069,7.1535,-4.6523
1.7605,-5.5797,5.5112
9.3367,5.452,7.9705
9.6245,6.4487,-3.0523
8.9129,4.7922,-5.726
7.09,5.2032,-4.9198
1.2905,-5.8989,5.8516
8.9263,7.2954,7.4845
9.015,4.9252,-3.6923
3.4793,-7.2196,6.4762
2.0886,-7.5142,6.9212
10.3985,3.1324,9.2085
6.1227,5.5379,-3.1139
5.9264,7.9508,-2.2899
1.4048,-6.435,5.0278
9.7126,2.736,10.9258
6.937,5.6652,-4.139
7.405,5.3538,-3.2646
9.8062,5.5891,10.0634
3.3259,-6.5968,4.2082
8.464,4.5043,10.9005
9.2974,5.1883,9.3207
11.8894,5.783,9.9558
1.5887,-6.8401,4.271
8.7178,5.0077,7.3047
10.0845,5.8615,8.642
10.7845,6.4063,10.3687
5.0314,6.5241,-3.6519
1.0455,-8.2976,5.6327
3.3221,-8.0779,7.0654
1.2867,-6.0135,6.3747
3.4022,-4.8543,7.4008
2.6369,-7.6949,4.3296
8.0607,6.0856,-2.8467
8.7533,4.6481,8.8983
8.0567,4.5811,-2.7018
7.5638,4.232,-3.9453
8.4908,6.5078,8.9403
7.744,5.1464,-3.6257
7.4965,5.1932,-4.8387
2.7436,-5.843,3.8854
8.5845,3.1361,-2.5946
8.1984,5.3636,9.7177
1.8678,-4.9381,6.4935
6.7348,6.846,-4.8441
0.2274,-5.2262,5.9185
10.75,3.9482,12.148
-0.3778,-5.5715,6.2086
8.9828,5.2083,-3.0584
3.8118,-5.4208,5.2218
9.2178,5.3226,10.1243
4.9627,4.2032,-4.1253
8.0243,3.455,-2.4452
7.8121,3.0616,8.9112
9.1027,5.0418,9.0224
0.4869,-6.6512,4.6183
2.2314,-7.2108,4.7124
7.1467,4.1265,8.3467
10.4049,5.3125,9.9292
6.0501,5.9416,-2.9091
0.1461,-6.4583,6.4121
9.8613,5.0259,7.1697
6.8252,5.9679,-2.7755
8.1453,3.9637,-4.7156
6.1947,4.3926,-2.9988
2.6904,-6.0668,6.0672
7.4302,3.8843,-2.5503
8.0679,4.7372,-2.6657
6.2727,5.4632,-3.6686
8.0582,5.8479,-2.5129
1.6346,-5.8225,4.2542
12.2636,5.4176,8.923
8.4284,3.9396,8.9926
7.3777,6.4552,-3.481
0.5405,-8.4811,5.3873
5.6462,5.9379,-3.4955
9.7219,4.8085,10.1998
7.9609,4.9543,9.1295
3.5662,-7.4833,4.1489
11.7875,6.2653,10.4092
0.0888,-6.0066,6.6031
1.2833,-5.9437,6.4177
6.5033,7.2008,-4.8115
3.037,-4.6602,6.0915
2.6913,-7.4706,7.447
7.7239,4.0939,-5.5818
2.6269,-5.4822,6.4841
6.9457,6.229,-2.159
8.6871,4.2711,8.8663
1.5043,-7.3682,5.6329
2.5496,-6.5742,5.9317
1.9609,-7.4784,5.7083
8.1511,5.8416,-3.0326
2.546,-6.6937,4.6557
8.2634,4.5728,-4.6499
9.8407,4.9126,10.4575
2.1301,-6.3691,6.6787
6.293,4.7164,-4.2176
0.2268,-7.4144,5.1933
9.1204,4.8238,9.0681
5.8278,6.8687,-4.085
2.4755,-7.0429,4.8821
1.3486,-6.8879,7.019
0.9175,-5.3551,5.0236
6.497,7.4517,-1.7799
5.0942,4.9956,-3.0644
9.2001,3.1737,7.0376
3.8642,-8.2823,5.8576
7.326,5.8471,-3.6294
2.8324,-5.7705,5.7326
7.7543,6.3877,8.2215
9.7649,6.2021,9.5469
8.7829,6.2526,-4.8193
8.3752,5.8646,9.699
2.3903,-5.2467,6.247
6.7253,5.9794,-4.8228
0.9927,-5.1897,6.3272
9.9729,5.2186,9.998
7.1327,5.5606,-3.4349
8.31,6.5542,10.2969
7.542,5.138,8.9267
5.6619,5.4033,-2.5061
2.8539,-7.3,6.7659
9.0548,4.8276,11.1773
0.7863,-5.1122,5.0991
10.3777,5.272,11.7241
6.7558,6.5734,-2.9835
10.175,4.182,10.727
2.6066,-5.5838,5.7584
6.8555,6.1569,-4.0576
9.076,2.7336,7.5132
7.4702,6.3568,-1.948
7.8443,5.8201,-4.1402
9.4744,6.0685,10.8041
8.228,5.3056,-4.5311
10.0108,5.5571,10.0585
9.6446,4.6223,10.2268
7.2584,6.2334,-3.1256
6.3063,5.9628,-4.2409
10.5879,6.4571,9.3443
2.3041,-6.6422,6.3986
4.6777,4.8063,-3.7909
8.438,6.1603,-5.4704
2.0693,-5.5966,6.5703
0.7217,-6.8389,7.0149
7.2422,5.9683,-3.8124
8.4132,4.6556,8.0089
6.7917,7.0049,-4.3511
7.9527,4.2992,9.2502
7.0937,5.85,-3.4963
3.1877,-6.1984,7.1868
6.5598,4.2042,-4.6706
10.4569,4.0124,7.0341
8.9898,3.7662,9.5356
5.5128,5.9022,-5.6066
9.8095,5.6491,8.4785
8.2214,5.1099,-3.1035
6.7538,6.2067,-3.9413
9.6044,5.3965,8.4251
7.4739,5.0166,-3.7101
7.1604,6.0518,-3.9769
3.1444,-6.3264,5.9691
7.5993,4.7032,-4.7678
7.9023,5.1826,10.9349
10.0014,5.5808,9.909
7.8383,6.8749,-3.8137
7.2821,7.6711,10.9446
8.6322,7.0605,-4.1225
8.5543,3.5657,8.7459
7.4032,6.2586,-3.8221
1.5685,-6.5048,6.3395
6.5498,5.9455,-3.2378
6.7642,6.0523,-2.6797
7.617,4.1683,-5.132
9.8714,4.3803,8.3887
2.9342,-8.4364,5.2949
9.4917,6.8865,8.5239
7.1486,6.4118,-3.8167
10.3255,6.9884,10.4354
11.6522,4.4906,6.9373
8.4208,5.0583,-3.5201
6.6924,4.5644,-2.9982
2.2273,-5.5542,6.8267
8.7719,5.123,8.0604
7.4605,3.7454,-4.4715
7.7138,5.6681,-2.2642
6.1511,5.6849,8.3024
10.0737,4.8212,8.122
1.8931,-4.411,5.0412
11.0235,4.7062,8.6221
8.6483,3.6931,-4.4307
9.5689,5.6981,9.4592
8.4766,5.7653,7.4944
2.8972,-7.6126,6.0093
6.567,5.2088,-1.5753
3.9547,-7.0875,4.9941
6.3427,5.7324,-3.0725
2.6131,-5.7479,4.8722
8.1396,4.1079,7.5062
7.2282,5.1816,-3.7466
2.5512,-5.7471,5.092
2.6619,-7.0027,5.6543
7.5567,5.026,-2.6395
1.395,-6.5903,5.6485
5.854,6.2656,-2.0382
8.2709,6.5794,8.9113
8.6652,4.8668,8.7359
6.3856,4.8405,-2.5598
9.0638,5.8168,9.9596
1.6278,-7.0128,7.1835
8.7261,6.1709,8.2392
7.782,4.0786,-4.363
7.8346,5.0823,10.061
8.8333,7.5973,9.501
6.1866,4.4747,-2.7377
1.3557,-7.8144,6.6444
1.9511,-6.9788,5.5364
6.8409,4.7362,-4.1123
3.2388,-6.2158,6.7297
2.5841,-7.6579,6.0739
6.9756,5.9466,-3.7136
7.8613,5.7639,9.9959
10.3641,4.4875,8.2735
9.6887,7.0639,-4.9154
6.9647,5.5847,-3.2956
7.4402,3.3705,-3.0098
10.9284,5.6634,6.8053
2.6802,-6.272,7.2283
5.7538,5.3333,-3.5801
3.4598,-4.7511,8.2907
10.0584,5.5651,8.4116
6.8313,6.1518,-4.6064
6.8285,5.2008,-2.3783
5.1415,6.0639,-4.3688
3.0435,-7.7545,6.7096
8.7377,6.5265,8.8798
1.0531,-6.5542,6.3804
8.9596,6.6481,8.4068
1.5968,-5.4994,6.4673
9.2102,6.4893,7.5079
2.8053,-7.342,7.4764
7.093,5.8294,-5.5345
7.4131,4.9363,-4.4516
7.8464,3.212,9.3878
9.0237,6.665,6.8108
5.9176,6.369,-4.0776
8.3517,4.201,9.6109
8.5618,4.4157,-5.1701
1.9477,-7.9828,4.2016
3.8846,-8.9395,5.8875
11.3091,4.5569,8.5734
7.3903,5.0747,-5.3553
8.9528,4.0388,8.3573
1.8154,-6.0932,5.3454
7.0179,8.2212,-3.0767
10.0307,4.9105,7.5374
1.6071,-6.9447,4.51
8.6002,4.7944,9.2345
7.0488,5.6215,10.0695
5.965,6.6651,-5.2968
6.2738,3.6359,-2.5597
8.6146,6.9425,8.696
9.5194,6.0536,8.7685
10.463,6.4517,9.7467
6.8408,3.8651,-4.0383
9.3817,4.9856,7.8245
8.3661,4.2879,7.0432
9.821,6.443,7.2159
8.6801,5.8697,-2.9525
2.5474,-6.7999,6.0497
6.4386,6.2053,-3.5028
9.7692,5.0656,7.8109
8.4192,4.8329,-3.368
5.3094,5.008,-4.5128
6.7183,5.9209,-4.963
1.8969,-5.5697,5.9556
9.6271,4.9128,8.713
7.0792,5.6468,-3.598
8.4592,7.6302,7.9151
10.2656,5.4039,8.686
7.4876,5.3239,-1.5583
2.5824,-6.1637,5.1199
2.2444,-6.4622,6.0137
7.4478,6.495,-2.6001
6.6117,5.5281,-2.4142
9.08,4.3085,8.6002
9.2302,4.3676,8.0805
7.1785,3.5952,8.1106
10.2863,5.1246,7.4335
9.7731,4.4225,10.5607
10.1029,4.6956,7.7571
5.4863,6.2341,-3.4724
8.3284,4.8895,9.7287
3.3231,-7.2466,6.9298
0.703,-5.624,5.9506
1.9255,-6.7277,4.9056
5.7269,5.7185,-1.8465
3.4512,-5.3712,4.5948
7.1015,5.8388,-1.8305
2.1474,-6.2066,5.6223
10.3859,5.6243,9.9216
5.1839,-6.8207,6.4931
9.1867,7.2131,9.0739
8.8998,4.9564,9.2312
1.2896,-5.1808,7.3921
7.7153,5.1155,8.474
5.8851,5.5337,-2.653
10.0125,6.6405,8.5367
8.0876,5.6569,-3.4036
3.2904,-6.0268,4.6989
6.3668,3.8971,-3.3333
9.0532,4.9155,9.0533
6.0556,3.4821,8.5429
5.9972,4.7723,-2.4158
8.6783,5.2551,7.2299
6.9657,5.2226,-3.7609
8.8951,6.2193,9.8844
6.9248,5.7274,8.2813
2.1757,-7.8373,6.1382
8.6703,6.4252,6.6399
9.511,5.8378,8.3398
8.1661,3.4809,9.9995
6.308,4.8737,8.592
7.4503,5.7742,-3.9462
1.4768,-6.2282,4.5245
7.0485,5.5334,-3.03
9.1772,6.057,8.9095
10.5373,5.3471,7.0059
2.971,-8.0326,4.6815
6.5413,4.0685,-2.6463
2.2965,-5.8891,5.2384
9.7638,4.3013,9.425
5.9675,5.7279,-3.2494
8.4518,5.4844,7.7009
3.0289,-7.1624,5.5219
2.3811,-6.6429,5.1102
6.5459,5.944,-2.2293
9.1594,3.7842,8.9632
1.9399,-5.0954,5.9172
9.1457,6.7711,9.9771
0.5835,-6.4685,5.5613
7.0959,5.6646,-3.8126
7.2909,5.5429,-2.4102
8.6635,2.8294,8.7885
0.1036,-7.5822,5.782
11.2624,6.8693,8.2126
2.0542,-5.153,5.8815
7.9308,6.5674,-3.4229
9.4377,4.8871,10.2525
8.3199,5.6195,10.6563
1.3835,-5.8908,7.3949
1.8714,-6.6413,4.4432
8.8199,4.7469,9.142
9.8595,4.6123,9.9214
3.9286,-7.0112,6.5709
8.6087,4.968,-1.925
1.8292,-6.8923,6.3429
9.4669,5.6391,7.9875
1.8968,-5.8523,5.988
1.5089,-6.9152,5.708
9.3775,3.921,9.9995
2.6832,-7.0009,5.9146
1.6569,-5.8502,4.6439
8.0492,6.2139,-4.5318
9.5323,5.7077,8.6055
8.4911,5.5183,-4.3673
6.0425,5.1919,-4.8569
8.4729,5.7346,7.7178
11.0782,5.8027,8.0115
3.792,-5.3053,5.6243
9.8567,4.9824,9.4249
9.3777,6.0014,9.6371
2.7561,-5.102,4.0541
8.0718,5.3351,-3.2341
4.9976,4.5506,-2.2777
1.7554,-7.0056,5.3429
9.6821,7.4168,9.1486
6.523,5.8133,-1.9154
6.9527,4.2014,-1.4932
6.9427,5.2012,-3.2438
3.6552,-9.0468,6.4312
1.4457,-7.0546,6.5298
2.3119,-6.025,4.5595
7.9218,4.3959,-1.7265
5.9172,4.4569,-3.3211
10.7916,5.3439,8.8428
1.5216,-5.0372,8.0516
10.2814,5.0012,7.7751
8.2393,4.7191,9.4257
9.3239,6.0814,9.8906
9.7019,4.0579,9.6681
5.9536,6.3256,-3.5568
1.5257,-8.5952,9.3155
2.351,-5.8033,3.943
2.6101,-5.0797,5.4686
3.588,-6.0922,5.403
7.5936,6.4507,-2.852
9.3852,6.4081,9.2167
7.2546,7.5916,-3.2456
6.9712,4.1709,-2.5068
1.4698,-7.4644,4.8397
2.1579,-7.4863,6.2861
7.9181,6.1766,-2.7337
8.9191,6.4873,7.0841
2.3709,-5.7618,5.4767
6.5235,6.1545,-3.4292
8.8799,4.1314,-1.7798
7.6706,4.5589,8.8377
1.5717,-5.4779,6.7689
6.294,4.9761,-2.636
2.7363,-6.9857,6.4028
7.6849,4.1696,-3.4615
5.9118,4.9943,-2.1956
10.6728,5.8626,11.8351
9.4316,6.998,9.4485
6.5323,4.7619,-1.0304
2.933,-7.3093,3.737
4.0987,-6.7547,6.1645
7.8854,6.3467,8.9798
7.5615,7.4608,-4.5537
6.783,5.2012,-4.9699
8.4529,4.8396,8.4518
8.9969,7.8273,9.6447
9.8349,5.3968,8.3874
1.3567,-7.5778,6.4903
6.8794,6.5464,-2.073
11.9748,4.1915,9.5141
4.95,-7.8823,6.2803
9.6217,5.1357,9.8186
7.5733,6.4081,-3.1919
7.8266,4.8839,8.7649
8.8176,5.6497,-5.0776
7.4787,7.4702,-3.5774
5.1172,4.3723,-2.8768
9.849,5.5568,9.4154
1.9597,-6.0911,5.8334
7.7671,1.9608,7.7896
9.2045,3.6945,8.7925
2.2822,-6.4747,5.2077
9.1372,4.6808,8.5565
9.1464,4.5216,9.7728
4.5435,-5.9459,6.8974
7.2248,7.0913,-3.1323
8.6779,5.9159,10.1492
1.2323,-6.6406,5.5974
7.3066,4.6711,-4.4504
10.2383,5.9786,8.7063
7.5582,6.1121,-2.3876
2.9562,-5.7215,6.7115
6.4987,4.7385,-5.2037
2.9224,-6.571,6.567
7.9545,4.8052,9.1649
2.7072,-6.7688,5.8438
6.7833,4.9496,-4.4744
9.5938,4.4682,8.7412
11.9762,5.5101,10.5389
8.6846,5.2118,7.8426
9.4039,5.1168,9.3469
5.885,6.6137,-4.0666
1.1282,-6.7646,4.5439
1.5448,-7.5937,5.9408
2.0802,-8.2069,5.4834
10.9357,6.1973,8.5801
10.1193,5.0428,10.2219
7.0206,6.4666,-4.9361
2.528,-7.9747,7.2963
10.2172,4.9747,9.5981
1.4695,-4.7081,5.3179
6.4591,5.7164,-2.4956
9.6352,6.9204,4.9719
9.3969,4.8571,8.4861
8.3424,4.2159,-3.8187
3.4096,-7.0891,5.932
1.955,-4.8668,4.156
9.1368,4.5087,9.4863
9.0418,5.821,-3.436
2.419,-6.5563,5.6394
6.5139,4.9324,-3.242
9.1931,5.4618,8.7195
10.2572,5.4502,7.8269
0.0502,-6.3413,5.5673
9.4478,7.5009,11.5969
2.6708,-5.1067,6.1612
7.9452,5.6055,8.3238
1.6905,-7.0027,5.9639
6.2594,4.3545,-4.4265
1.9568,-5.9748,7.7505
1.7322,-6.4791,6.0774
